Images/coat_length_labels/4dc7cfff7917a5a20aa595ab45ef94e9.jpg,coat_length_labels,0.00272465;0.00048979;0.00044428;0.00034075;0.00178924;0.29251218;0.38288903;0.31881011
Images/coat_length_labels/6a73558824ab4763b7a07d6cb300857e.jpg,coat_length_labels,0.00170872;0.00031236;0.00017391;0.00020258;0.02686705;0.89451236;0.04380735;0.03241577
Images/coat_length_labels/c7015d77ad34ae3430044efa1dc070ce.jpg,coat_length_labels,0.85996479;0.06658910;0.01210841;0.00239554;0.00238076;0.00307581;0.00037309;0.05311252
Images/coat_length_labels/01638251291b914587996a6e4cd96dbf.jpg,coat_length_labels,0.96918118;0.00515961;0.00232967;0.00170728;0.00606339;0.00396340;0.00034709;0.01124844
Images/coat_length_labels/93d63f7e4b5f7ce8fc0534f2220b6bb8.jpg,coat_length_labels,0.00004761;0.04035302;0.89546514;0.06345675;0.00054119;0.00008774;0.00003368;0.00001481
Images/coat_length_labels/daac3831fdf2100d3448e0e69ed8aae5.jpg,coat_length_labels,0.00008906;0.01154349;0.93087631;0.05674234;0.00038258;0.00016482;0.00011430;0.00008702
Images/coat_length_labels/ae81a0cdc93fba583e2ca4c753005712.jpg,coat_length_labels,0.00085126;0.99551743;0.00306810;0.00027060;0.00010895;0.00007201;0.00006650;0.00004521
Images/coat_length_labels/41bbd8c5b1fa927928d47fd9b15f2563.jpg,coat_length_labels,0.00205506;0.00063636;0.00059624;0.00088758;0.02181843;0.77066886;0.12087880;0.08245864
Images/coat_length_labels/721ce7a7d80c7b0561d9f027de97da68.jpg,coat_length_labels,0.00341716;0.00650122;0.00306176;0.00273924;0.10734960;0.79073846;0.05247179;0.03372083
Images/coat_length_labels/726dd5531c36ef8947cab18b7715626f.jpg,coat_length_labels,0.00004308;0.00013316;0.05128327;0.94677740;0.00167668;0.00002937;0.00003166;0.00002527
Images/coat_length_labels/c6bed5b34c38452be7d98921ee963470.jpg,coat_length_labels,0.00606914;0.01239767;0.02799334;0.05762930;0.84830242;0.03509085;0.01087433;0.00164299
Images/coat_length_labels/3e18d23698b883b0983ad4b95368b16c.jpg,coat_length_labels,0.04632372;0.00913197;0.49038592;0.42655370;0.02325873;0.00202919;0.00220674;0.00011000
Images/coat_length_labels/5de0428ac30a83da7e27928c8dad8c2e.jpg,coat_length_labels,0.00069642;0.00464493;0.15330580;0.81324464;0.02494433;0.00157480;0.00070483;0.00088436
Images/coat_length_labels/f0083fdd38e537160587959fecebd1c3.jpg,coat_length_labels,0.00005143;0.00117939;0.60220522;0.39609018;0.00039833;0.00001725;0.00003659;0.00002164
Images/coat_length_labels/5bc1773d929813977be25e7bbcc929c5.jpg,coat_length_labels,0.00003159;0.98639560;0.01325569;0.00016522;0.00003491;0.00007116;0.00002287;0.00002303
Images/coat_length_labels/dce5010dfde46fadb5a08e1085fd3db0.jpg,coat_length_labels,0.03553084;0.62882721;0.31797314;0.01434210;0.00272369;0.00029519;0.00018947;0.00011840
Images/coat_length_labels/4468c29a330597e60dedfbb0b1f7b506.jpg,coat_length_labels,0.00320944;0.00033132;0.00046647;0.00015327;0.00009011;0.00636396;0.39380035;0.59558505
Images/coat_length_labels/c5b42abe86a6e262f5539ad307da5c8e.jpg,coat_length_labels,0.06290671;0.06206598;0.01838572;0.00975893;0.04715885;0.33870226;0.37749144;0.08353009
Images/coat_length_labels/bf10db555af7e76a24861c7877bafefb.jpg,coat_length_labels,0.00289216;0.00023226;0.00070648;0.00222806;0.06553883;0.80984706;0.11550406;0.00305109
Images/coat_length_labels/97cbd85b68bf84e46ee94c3fc09dc02e.jpg,coat_length_labels,0.41249129;0.40394205;0.15189193;0.02395391;0.00413463;0.00087015;0.00089761;0.00181840
Images/coat_length_labels/95626c5b5be9e7e8d6a43c52d10315dc.jpg,coat_length_labels,0.00091335;0.00012285;0.00019445;0.00210125;0.99031913;0.00627808;0.00005016;0.00002083
Images/coat_length_labels/d863c59e11322e3d40d639ae7ae9a717.jpg,coat_length_labels,0.01308095;0.11017805;0.70272952;0.07902876;0.08745835;0.00674569;0.00065660;0.00012200
Images/coat_length_labels/9ee989796e2d2b81f42c6632ee5852fb.jpg,coat_length_labels,0.04577583;0.01095091;0.00311068;0.00106465;0.00094895;0.00277789;0.00311781;0.93225330
Images/coat_length_labels/e858f259890de83d07f6410bc38b436d.jpg,coat_length_labels,0.00293735;0.00248322;0.09992964;0.51847178;0.37297618;0.00283825;0.00024016;0.00012343
Images/coat_length_labels/e430ec086df67bdec8545d3a814378ca.jpg,coat_length_labels,0.00350510;0.00639520;0.28526253;0.67256826;0.01309722;0.00164272;0.00122003;0.01630895
Images/coat_length_labels/51fa7ffff73c3dd96e1852aad3961a81.jpg,coat_length_labels,0.00277348;0.01949954;0.48385859;0.36056343;0.00520390;0.00122512;0.00394721;0.12292869
Images/coat_length_labels/b4110e9bc27746d20e9edbc8e462b92b.jpg,coat_length_labels,0.00010476;0.01783151;0.80280405;0.17772259;0.00096642;0.00021126;0.00021694;0.00014251
Images/coat_length_labels/b93a786f6a81def29a0abeec65976405.jpg,coat_length_labels,0.30866766;0.02550956;0.55119240;0.10976506;0.00378661;0.00055658;0.00024703;0.00027501
Images/coat_length_labels/08334ffb2a527de36a97bce2dfc3bbdb.jpg,coat_length_labels,0.00614178;0.00322230;0.01182705;0.02272179;0.04780446;0.33932793;0.47193134;0.09702330
Images/coat_length_labels/b84df9e09e1932d79db8992361340463.jpg,coat_length_labels,0.00044001;0.00016256;0.00085561;0.00495119;0.99286640;0.00064227;0.00007333;0.00000861
Images/coat_length_labels/7eb0b6afbbb7f107f2ae01dae0cac243.jpg,coat_length_labels,0.00004513;0.00002899;0.00001596;0.00003014;0.00811834;0.98453599;0.00720481;0.00002060
Images/coat_length_labels/5a4930029f9a743d8911eaf771508656.jpg,coat_length_labels,0.05011832;0.00295086;0.00579036;0.00604336;0.01552978;0.14594495;0.60451162;0.16911067
Images/coat_length_labels/626b2e2761648b0305bcfba579663837.jpg,coat_length_labels,0.00014087;0.00029548;0.02592130;0.89176095;0.08040191;0.00090622;0.00030940;0.00026386
Images/coat_length_labels/c2935406eb3ff60539bb270adae1c0af.jpg,coat_length_labels,0.00192778;0.00070448;0.00104165;0.00064299;0.00263346;0.05336439;0.53005815;0.40962717
Images/coat_length_labels/8b90b9b0082f4ab77c0d9053137b0352.jpg,coat_length_labels,0.00409897;0.63122493;0.35696024;0.00729366;0.00029729;0.00006132;0.00005213;0.00001152
Images/coat_length_labels/dcecef238ae91827867473e016dbf44e.jpg,coat_length_labels,0.38613227;0.01500054;0.00322478;0.00104653;0.01959154;0.53457797;0.02389001;0.01653637
Images/coat_length_labels/fe6f303e3dd92d6e5f6ce09ad00c06fb.jpg,coat_length_labels,0.00014954;0.00001714;0.00002370;0.00001934;0.00336085;0.91710478;0.07931154;0.00001312
Images/coat_length_labels/4838501f904c6bd0d0cb48b4f5fac279.jpg,coat_length_labels,0.00307092;0.01127083;0.03936359;0.11423484;0.74651313;0.07279194;0.00439232;0.00836238
Images/coat_length_labels/5b537b27d40b61fba49e122138db9338.jpg,coat_length_labels,0.96150243;0.00888828;0.00159566;0.00044534;0.00057908;0.00100934;0.00133586;0.02464394
Images/coat_length_labels/c5ad9cdb861ad3c57752dcd3d731ffec.jpg,coat_length_labels,0.00034183;0.97111660;0.02800041;0.00027090;0.00011593;0.00007924;0.00004223;0.00003270
Images/coat_length_labels/0251dd2f5a3f969e5a361b55b3a88cfd.jpg,coat_length_labels,0.00010682;0.00012701;0.05820915;0.92787009;0.01324591;0.00036605;0.00004275;0.00003228
Images/coat_length_labels/d2af9dc2f4612260e57a8f677392932d.jpg,coat_length_labels,0.00053380;0.00021842;0.00019891;0.00029583;0.01230974;0.85612816;0.05364736;0.07666781
Images/coat_length_labels/33e2f16ce5e0d38129d0cd95178247a6.jpg,coat_length_labels,0.00063190;0.00021942;0.00027049;0.00353548;0.65781975;0.33070871;0.00312711;0.00368724
Images/coat_length_labels/5b5aaa69b9e9816de0375e2888e69c48.jpg,coat_length_labels,0.00012009;0.46090236;0.52627391;0.01247711;0.00014106;0.00003124;0.00003186;0.00002244
Images/coat_length_labels/3ff23389c2d5233213093e554c860fc0.jpg,coat_length_labels,0.00030604;0.31022897;0.65667677;0.03150271;0.00094098;0.00014797;0.00008989;0.00010667
Images/coat_length_labels/b6ae6563bda9db98f9a8042fa8d7d7a5.jpg,coat_length_labels,0.00354430;0.00379179;0.00538674;0.01046057;0.20976754;0.68614835;0.04525030;0.03565048
Images/coat_length_labels/a7ea812c0eac4a245b99528228d21325.jpg,coat_length_labels,0.00081150;0.00027396;0.00025627;0.00012402;0.00008789;0.00696976;0.51004428;0.48143232
Images/coat_length_labels/1431d2c9fedb02e4833770f979e3ab2a.jpg,coat_length_labels,0.00746423;0.00320622;0.00240372;0.00105446;0.00191896;0.03614454;0.42861408;0.51919383
Images/coat_length_labels/916a90cce4f7b3d8cbb7d40bc44d7628.jpg,coat_length_labels,0.19920751;0.25917071;0.04012030;0.01445775;0.27722013;0.06821076;0.00560877;0.13600405
Images/coat_length_labels/0354685c50b727acf1058a3214af335d.jpg,coat_length_labels,0.00345905;0.00157792;0.03220039;0.31592786;0.60813528;0.03153197;0.00415778;0.00300982
Images/collar_design_labels/aa0ff978d5f77065a2a6f7515750fde0.jpg,collar_design_labels,0.81296402;0.02256731;0.00244228;0.16098215;0.00104426
Images/collar_design_labels/186c8071fc0b674e3d4241a971236b4d.jpg,collar_design_labels,0.94553822;0.03995306;0.00153879;0.00850753;0.00446234
Images/collar_design_labels/ed5e4dc99b242a5560f07233f09e6c8c.jpg,collar_design_labels,0.39863044;0.59821570;0.00130749;0.00095140;0.00089498
Images/collar_design_labels/4d9a10719a689f726f395652e5dd9e77.jpg,collar_design_labels,0.99779838;0.00030783;0.00061905;0.00022497;0.00104987
Images/collar_design_labels/590a119349869ccc44f86717f8458df1.jpg,collar_design_labels,0.71212870;0.04095970;0.00119631;0.00138265;0.24433267
Images/collar_design_labels/6562caa1eb90dbc7140495727bc3be92.jpg,collar_design_labels,0.96866870;0.00478741;0.00028570;0.00520781;0.02105035
Images/collar_design_labels/056090d4905ac741a368b4d5fb5317fc.jpg,collar_design_labels,0.38839337;0.00661743;0.00258950;0.60228848;0.00011118
Images/collar_design_labels/3a9d36e52e367e3d5695ab786ffef74f.jpg,collar_design_labels,0.00276112;0.00028556;0.00009218;0.00002601;0.99683517
Images/collar_design_labels/f78526b7c8ec28c83f5dd1073ebf4295.jpg,collar_design_labels,0.97048831;0.02083983;0.00648312;0.00062893;0.00155982
Images/collar_design_labels/316a9b1f4806a0db67ec1deacea0c5eb.jpg,collar_design_labels,0.00065355;0.00180184;0.99744946;0.00007789;0.00001720
Images/collar_design_labels/667acf82b178ecac7a5510f2af0188b3.jpg,collar_design_labels,0.00128870;0.00189344;0.99664271;0.00010452;0.00007056
Images/collar_design_labels/c6196c28285f196be517825d5eb04bfa.jpg,collar_design_labels,0.00800274;0.98713952;0.00042362;0.00034691;0.00408724
Images/collar_design_labels/cfb1a8ed016406fbfadeb0c40ca3aa94.jpg,collar_design_labels,0.14609118;0.00692264;0.00015401;0.00070435;0.84612787
Images/collar_design_labels/f18ade02154437108004a9138f9004e6.jpg,collar_design_labels,0.97307599;0.00945704;0.00145770;0.00469053;0.01131882
Images/collar_design_labels/695535066110172ca1e2c8032f34a8fa.jpg,collar_design_labels,0.68413347;0.01635591;0.00084076;0.00256966;0.29610023
Images/collar_design_labels/b721b38f8ee2ab189eceb941623366ae.jpg,collar_design_labels,0.00166806;0.00009267;0.00003713;0.00000751;0.99819463
Images/collar_design_labels/769800e31c440e7bca5dc11ecfd305d3.jpg,collar_design_labels,0.09080345;0.84995025;0.05751148;0.00128921;0.00044566
Images/collar_design_labels/8d20a37a6c8a7fb9d7c10578100d1e78.jpg,collar_design_labels,0.92325264;0.00279150;0.00073208;0.07248657;0.00073720
Images/collar_design_labels/6e014f5a931bc98e22cd9917531c101f.jpg,collar_design_labels,0.93216729;0.00245502;0.00044813;0.06371711;0.00121235
Images/collar_design_labels/72ced6a10161a3d7fc3607e6a289e14a.jpg,collar_design_labels,0.93814462;0.01529047;0.00428412;0.03759934;0.00468146
Images/collar_design_labels/ccdec44bc8c4c0a7dfea4322c50142df.jpg,collar_design_labels,0.05315792;0.02444758;0.00049528;0.00038327;0.92151600
Images/collar_design_labels/bbf6246011dd3c3630668ab514f20185.jpg,collar_design_labels,0.27552149;0.00165777;0.00004575;0.00035146;0.72242361
Images/collar_design_labels/e5bc19ab6060bcf6f19020f6f0cde1d3.jpg,collar_design_labels,0.01940367;0.97774005;0.00078229;0.00145195;0.00062197
Images/collar_design_labels/beab5ddd3d9480b38cedfbcfaa244bcd.jpg,collar_design_labels,0.95609313;0.00973501;0.01156242;0.00147510;0.02113446
Images/collar_design_labels/b18095ccb60b8da5b658e4c8322fa6af.jpg,collar_design_labels,0.91017866;0.02383294;0.00085788;0.00280170;0.06232876
Images/collar_design_labels/6156a190ea113bfebd55291b76cc2cba.jpg,collar_design_labels,0.85819137;0.00339117;0.00127604;0.13583180;0.00130958
Images/collar_design_labels/9ce035d72e98f0a1c648d66f0a1af828.jpg,collar_design_labels,0.02529138;0.00191282;0.97213382;0.00048399;0.00017805
Images/collar_design_labels/b5c38200d4120ff548e18f5c08f7b7a1.jpg,collar_design_labels,0.95611024;0.00317456;0.00112754;0.03917219;0.00041540
Images/collar_design_labels/647fc1c216875736bc32cf16b1d4f4d1.jpg,collar_design_labels,0.99102318;0.00239187;0.00013576;0.00421480;0.00223439
Images/collar_design_labels/4a9f4c2876ffdcedadf2c3495791f2a0.jpg,collar_design_labels,0.00245435;0.00069340;0.99654108;0.00026359;0.00004749
Images/collar_design_labels/4b5d169a5adb57c5450384c32f8bb184.jpg,collar_design_labels,0.20936540;0.76946878;0.00185993;0.01259723;0.00670863
Images/collar_design_labels/0ed7de32c17f9467dfc09145861f5e9e.jpg,collar_design_labels,0.00120381;0.00015310;0.00001565;0.00001197;0.99861550
Images/collar_design_labels/fddb908eea5334e3423ee6bfcc353d04.jpg,collar_design_labels,0.89363259;0.07541110;0.00662629;0.02093832;0.00339153
Images/collar_design_labels/a713963f0c2426fcf2518b07e677b3d3.jpg,collar_design_labels,0.00125145;0.00013574;0.00002541;0.00000995;0.99857748
Images/collar_design_labels/2f4371e2d4fc8f11d756ad3b311470cf.jpg,collar_design_labels,0.08753642;0.00120101;0.00181004;0.90929478;0.00015769
Images/collar_design_labels/c5a6222a6b866ac4f30bcbe5d1b66e0a.jpg,collar_design_labels,0.00882225;0.00064769;0.00040337;0.99006838;0.00005826
Images/collar_design_labels/4947e448ff78007c5a0bc9f2fad8b2f8.jpg,collar_design_labels,0.97431982;0.00471889;0.00348486;0.00132757;0.01614883
Images/collar_design_labels/52ff6f0f4d1292ec96087f24d88b3d95.jpg,collar_design_labels,0.10361563;0.00537587;0.00245943;0.88817298;0.00037609
Images/collar_design_labels/3c98c7852e7d251381b2c2b6a707db7b.jpg,collar_design_labels,0.65737516;0.00704404;0.00132470;0.32997602;0.00428018
Images/collar_design_labels/a8d4c0f54bc2f9af80d7a1ee6aa42c8d.jpg,collar_design_labels,0.00485811;0.99424756;0.00048559;0.00032521;0.00008344
Images/collar_design_labels/93d2b18aafa7af3592b251770db240b3.jpg,collar_design_labels,0.49099711;0.00920317;0.49587241;0.00141497;0.00251243
Images/collar_design_labels/83fddd9b839fc2eab6c2ebc3202a0065.jpg,collar_design_labels,0.00201037;0.00030255;0.00009469;0.00001533;0.99757701
Images/collar_design_labels/d8597813ad0111d82720fcf728f748cc.jpg,collar_design_labels,0.04458077;0.00460170;0.00072039;0.00045823;0.94963896
Images/collar_design_labels/8bb4389a8c7fd77c2a0076bee5021f22.jpg,collar_design_labels,0.06338041;0.76953071;0.16377419;0.00195225;0.00136243
Images/collar_design_labels/c2c85d839cf7c3d0c2b8157ff17d2ee8.jpg,collar_design_labels,0.93263710;0.00213865;0.05959205;0.00396570;0.00166657
Images/collar_design_labels/5a9c1a458bdce838e2b5eb175ed1a9cb.jpg,collar_design_labels,0.00511704;0.99062365;0.00404971;0.00012581;0.00008388
Images/collar_design_labels/f020bf21325b54169afb86154d2ce855.jpg,collar_design_labels,0.06391606;0.78277653;0.15099619;0.00193854;0.00037276
Images/collar_design_labels/9cd17806c3b6752a8b8b6d100104dfbf.jpg,collar_design_labels,0.00163260;0.99460137;0.00361430;0.00012446;0.00002721
Images/collar_design_labels/dce19bb51c7e7e71765542904daba4b6.jpg,collar_design_labels,0.00274252;0.02229208;0.97474343;0.00014096;0.00008096
Images/collar_design_labels/4d7fed3813e1e3c19ccda4fde9e56201.jpg,collar_design_labels,0.09112858;0.00081271;0.00048838;0.90740806;0.00016226
Images/lapel_design_labels/c331a93a01acc55de9cf261bbe74dc44.jpg,lapel_design_labels,0.01058907;0.00050564;0.98690784;0.00016620;0.00183115
Images/lapel_design_labels/79ad5b53775b5d9c0a145a02eaf44efe.jpg,lapel_design_labels,0.00031400;0.99843091;0.00047323;0.00013865;0.00064325
Images/lapel_design_labels/0ebbd0ce4486971ecf17c937f66f83f5.jpg,lapel_design_labels,0.05798446;0.22947049;0.02384083;0.58878529;0.09991900
Images/lapel_design_labels/09e87511d5e0a0aae228681a8ee2e69e.jpg,lapel_design_labels,0.99581122;0.00169850;0.00173449;0.00038931;0.00036659
Images/lapel_design_labels/a0f71dcae852a73574faafe5794003d7.jpg,lapel_design_labels,0.00831126;0.03522258;0.59507316;0.32188460;0.03950848
Images/lapel_design_labels/2a86bed36fc2798a417451421931c442.jpg,lapel_design_labels,0.94736326;0.00294825;0.04830262;0.00077870;0.00060716
Images/lapel_design_labels/1fe4306e06e77324a9b0cdc24437e665.jpg,lapel_design_labels,0.89892882;0.00314507;0.09555922;0.00090857;0.00145820
Images/lapel_design_labels/46111517ca86d7a2d4178c0db45c175a.jpg,lapel_design_labels,0.97954673;0.00024085;0.01938360;0.00008125;0.00074749
Images/lapel_design_labels/937512cff2ea5e480c6a8d6206f7ec22.jpg,lapel_design_labels,0.98645580;0.00080242;0.01029522;0.00023564;0.00221085
Images/lapel_design_labels/a05480db5d583db8b1a627533165dd1b.jpg,lapel_design_labels,0.03416675;0.91599572;0.00164125;0.03659557;0.01160078
Images/lapel_design_labels/751f9470f131ae3eb6ec2eb222d2ec27.jpg,lapel_design_labels,0.00468581;0.00690071;0.98490494;0.00195276;0.00155575
Images/lapel_design_labels/af1baf778b3cf5921f7eace884a2105e.jpg,lapel_design_labels,0.74056911;0.06952304;0.09938774;0.07997058;0.01054965
Images/lapel_design_labels/1b23afc723b52717f400f67c1c45d4e2.jpg,lapel_design_labels,0.01767455;0.51055098;0.04462407;0.21125273;0.21589763
Images/lapel_design_labels/8014061be9b5ef23ffe8a1ceaab8e0a5.jpg,lapel_design_labels,0.19372079;0.05051313;0.01950846;0.27257681;0.46368086
Images/lapel_design_labels/c5d5cb1b78f464e5ef1bb21fc06ab476.jpg,lapel_design_labels,0.00390785;0.97932887;0.00982103;0.00310057;0.00384172
Images/lapel_design_labels/f38854ef3d0160cadb8f655e26b630ef.jpg,lapel_design_labels,0.01406784;0.01291046;0.40963569;0.53381729;0.02956872
Images/lapel_design_labels/4b93db89fc025512c90468460fc3670f.jpg,lapel_design_labels,0.00252279;0.06562923;0.00080425;0.92636710;0.00467671
Images/lapel_design_labels/247025946e4b907be7e975d9bc376811.jpg,lapel_design_labels,0.00019824;0.00076196;0.99844837;0.00051357;0.00007790
Images/lapel_design_labels/b8dd1ee94353a9e9e08aadb37b2ce00d.jpg,lapel_design_labels,0.00086765;0.99638879;0.00096300;0.00089786;0.00088276
Images/lapel_design_labels/5700c2fff12992c8a89e3da8ae0a241e.jpg,lapel_design_labels,0.00403387;0.42298177;0.01290655;0.27395326;0.28612450
Images/lapel_design_labels/a45cba5399665b3b7871673b02d1f2e2.jpg,lapel_design_labels,0.00086291;0.01441155;0.00113765;0.97587454;0.00771339
Images/lapel_design_labels/c144885b5212ae47d4f6789b315bf6fe.jpg,lapel_design_labels,0.00383425;0.02254465;0.00949163;0.02701914;0.93711036
Images/lapel_design_labels/9e546e06a5c3be85742f05909eb76f5a.jpg,lapel_design_labels,0.00360650;0.00101475;0.00070717;0.00037860;0.99429297
Images/lapel_design_labels/21d4639f8b242d3bd99a147c9150386d.jpg,lapel_design_labels,0.00333535;0.00380378;0.00172392;0.98668098;0.00445603
Images/lapel_design_labels/08b01d5e5f9e109f3751693f90da99a7.jpg,lapel_design_labels,0.00057597;0.98612648;0.00165482;0.00971607;0.00192667
Images/lapel_design_labels/6b479852f0541098a8a130c84e7e6f32.jpg,lapel_design_labels,0.00136765;0.99369049;0.00029228;0.00290531;0.00174431
Images/lapel_design_labels/b69079bba2f864875914913f1f6427df.jpg,lapel_design_labels,0.65366602;0.00947015;0.31991994;0.01026038;0.00668343
Images/lapel_design_labels/903aaa944d58aea5a531980520011fa2.jpg,lapel_design_labels,0.00756890;0.04707840;0.32521954;0.44208282;0.17805038
Images/lapel_design_labels/69b02f74eab7a456c47b60d543d2edd4.jpg,lapel_design_labels,0.00093183;0.00107836;0.00086885;0.00027289;0.99684805
Images/lapel_design_labels/1b24429c240db5826af971cc8a4b6add.jpg,lapel_design_labels,0.00108877;0.97888511;0.00060457;0.01521084;0.00421077
Images/lapel_design_labels/c27fdcffb6ffc6ef04df525393e54d9b.jpg,lapel_design_labels,0.92874205;0.00434171;0.05023934;0.00067656;0.01600038
Images/lapel_design_labels/1d35c7b66caacf53f5712cd0deff4f5b.jpg,lapel_design_labels,0.00435814;0.39655331;0.01273621;0.02866933;0.55768305
Images/lapel_design_labels/c02a6b2989e3239f5136022a4a203a41.jpg,lapel_design_labels,0.00735191;0.00014101;0.99238151;0.00002519;0.00010030
Images/lapel_design_labels/55dd577d4071dc4c494cf1951f47be54.jpg,lapel_design_labels,0.56471556;0.01010600;0.01487357;0.36913443;0.04117041
Images/lapel_design_labels/1dd47bc12df6bd1d5409566cfd2fe806.jpg,lapel_design_labels,0.80043525;0.03863457;0.14942186;0.00442928;0.00707903
Images/lapel_design_labels/0990839017a28430936918e9dcf9f03f.jpg,lapel_design_labels,0.48093826;0.21026494;0.23233974;0.03185105;0.04460609
Images/lapel_design_labels/71de5819aa366791092df67bf16e0a8f.jpg,lapel_design_labels,0.97369713;0.01372285;0.00845830;0.00084812;0.00327367
Images/lapel_design_labels/b6fa91b8c29181a2b33173e40aeff103.jpg,lapel_design_labels,0.00900946;0.14202116;0.38831356;0.00508260;0.45557320
Images/lapel_design_labels/da4780fda2abd9b39d1e154f32f7ac59.jpg,lapel_design_labels,0.00360650;0.00101475;0.00070717;0.00037860;0.99429297
Images/lapel_design_labels/55c379638ca0c89379f06be387a93315.jpg,lapel_design_labels,0.00153769;0.99175113;0.00030961;0.00455789;0.00184375
Images/lapel_design_labels/6353b3480ab374bd6c510537aaca88d8.jpg,lapel_design_labels,0.00817683;0.94735008;0.02302359;0.01854213;0.00290738
Images/lapel_design_labels/173a02d83a61053d80eb5b405b2468c0.jpg,lapel_design_labels,0.00055996;0.00963408;0.00347567;0.00082308;0.98550725
Images/lapel_design_labels/e08d52958a00c38ecea24fb342eebfdd.jpg,lapel_design_labels,0.00196963;0.99080795;0.00114520;0.00245086;0.00362635
Images/lapel_design_labels/4a0acbf42f202bf9ab7c8fdcdc9d8585.jpg,lapel_design_labels,0.00854362;0.01593178;0.00688047;0.00232494;0.96631914
Images/lapel_design_labels/c33474b40eaa56363c7ed5c88dd32d34.jpg,lapel_design_labels,0.95105559;0.00167683;0.04622021;0.00036125;0.00068613
Images/lapel_design_labels/5e5736b023eb668d4bb6cb121166fb3a.jpg,lapel_design_labels,0.00218249;0.00016603;0.99721235;0.00009144;0.00034776
Images/lapel_design_labels/8095ac96e3ad46e35e86a7e29cce41f5.jpg,lapel_design_labels,0.00672196;0.00733143;0.94054097;0.02674418;0.01866141
Images/lapel_design_labels/47f7730ff53dfd2d883d2aa0d0691d72.jpg,lapel_design_labels,0.39790872;0.01537981;0.53861588;0.02506427;0.02303143
Images/lapel_design_labels/5a95000976772fe1af8d392e8e9c99ce.jpg,lapel_design_labels,0.00126672;0.00005864;0.99862707;0.00002488;0.00002274
Images/lapel_design_labels/2e3c5480b1ebc16818f4613b1307753b.jpg,lapel_design_labels,0.00036824;0.99749929;0.00057895;0.00007157;0.00148183
Images/neck_design_labels/22d22861f3d18e881d0dc4304c6fc073.jpg,neck_design_labels,0.95393598;0.00306929;0.00111285;0.03945866;0.00242326
Images/neck_design_labels/1f10e926f984099e0f0a9b13dedaae7f.jpg,neck_design_labels,0.01182433;0.00440381;0.00421308;0.97701615;0.00254270
Images/neck_design_labels/768c2fd30575549ed68427acb635347e.jpg,neck_design_labels,0.99769658;0.00039034;0.00017295;0.00118634;0.00055377
Images/neck_design_labels/82b5db9cf5fd3b5061564169d652c102.jpg,neck_design_labels,0.00073914;0.95574117;0.00289169;0.03259795;0.00803003
Images/neck_design_labels/99029621a90acd213e513f0e28ebed74.jpg,neck_design_labels,0.73965687;0.12818195;0.00865473;0.09752043;0.02598606
Images/neck_design_labels/d22843db225c4166971dec8a75e1ac43.jpg,neck_design_labels,0.99565387;0.00098877;0.00063339;0.00091792;0.00180604
Images/neck_design_labels/6e79486faebd6723e284a0915dbc01be.jpg,neck_design_labels,0.96846205;0.00400312;0.00267457;0.00878605;0.01607414
Images/neck_design_labels/9b58bda8a1ec465cf3e2c702b8d56611.jpg,neck_design_labels,0.93619651;0.00396407;0.00102209;0.00388594;0.05493154
Images/neck_design_labels/6c0f86580465355a4e242e5e75b0409a.jpg,neck_design_labels,0.00013257;0.99539548;0.00017752;0.00082447;0.00346999
Images/neck_design_labels/f4decd61010e8010b89c57d9b899c0ea.jpg,neck_design_labels,0.00869506;0.37858877;0.05679530;0.03968501;0.51623583
Images/neck_design_labels/95ece33679b63716545dd55b73e3859f.jpg,neck_design_labels,0.97539991;0.00231778;0.00044236;0.01938794;0.00245200
Images/neck_design_labels/0b3f72e646ba2a07509a9c2e34c66145.jpg,neck_design_labels,0.00047092;0.97249931;0.00063041;0.01986282;0.00653657
Images/neck_design_labels/9ca5580ac514b5c28b9a654c60979d33.jpg,neck_design_labels,0.00151063;0.93046045;0.00101377;0.05585934;0.01115584
Images/neck_design_labels/c9087f74156e850250291212c0ef5a99.jpg,neck_design_labels,0.00431073;0.00196857;0.02407994;0.96836019;0.00128055
Images/neck_design_labels/e2cf899aa50f621fde00c2cef8e39a96.jpg,neck_design_labels,0.01933820;0.00851684;0.00477166;0.10015914;0.86721420
Images/neck_design_labels/26e9b71211f49ee61b82eba770d0cba6.jpg,neck_design_labels,0.00086178;0.00064611;0.99130416;0.00603867;0.00114934
Images/neck_design_labels/c8d3bbc1f5b64233c356b94bf9b3969e.jpg,neck_design_labels,0.02280654;0.00359125;0.00281027;0.00560837;0.96518356
Images/neck_design_labels/fcdb2eaa62d1cc88b9cf8a478b035ae9.jpg,neck_design_labels,0.01194332;0.01557767;0.05833903;0.90472859;0.00941139
Images/neck_design_labels/9c2144115094a5d495b67fef30f8facf.jpg,neck_design_labels,0.00087456;0.00069707;0.99461764;0.00317356;0.00063723
Images/neck_design_labels/f7c4a74af26220c25b2729c3d1fba001.jpg,neck_design_labels,0.00320432;0.71012640;0.00495994;0.27497011;0.00673924
Images/neck_design_labels/7c42d066e7dee7d259574cd2f97bb859.jpg,neck_design_labels,0.99024314;0.00123247;0.00183750;0.00578546;0.00090145
Images/neck_design_labels/fb9cf64b3f7ff669acef7a74335ea954.jpg,neck_design_labels,0.01177191;0.97318619;0.00088114;0.00812637;0.00603436
Images/neck_design_labels/d613e45ab8cbabd8973da8468e97c378.jpg,neck_design_labels,0.00051216;0.98642492;0.00048063;0.00959834;0.00298401
Images/neck_design_labels/3dcecea81c89449be82ec83ea7e6a183.jpg,neck_design_labels,0.00074835;0.00035923;0.99572587;0.00260362;0.00056288
Images/neck_design_labels/b6fde06c073011257ce726f076e9a7c5.jpg,neck_design_labels,0.18029752;0.01712540;0.01681921;0.77137989;0.01437803
Images/neck_design_labels/c93d21acc0699e361029ed95c2f89eeb.jpg,neck_design_labels,0.00234244;0.00341565;0.97013593;0.02211046;0.00199556
Images/neck_design_labels/0eaacf1964145c7ee99fd75a0b28f224.jpg,neck_design_labels,0.00299293;0.03072047;0.00074088;0.00446689;0.96107876
Images/neck_design_labels/f62dba6b97892d276ca3afa8ac765aa7.jpg,neck_design_labels,0.94108188;0.01948425;0.00477623;0.02760598;0.00705160
Images/neck_design_labels/b2aa7dfbfc0c06eab24deaead6b7aa6b.jpg,neck_design_labels,0.25089690;0.43181700;0.01331957;0.26601666;0.03794986
Images/neck_design_labels/ab6b77aed702dd89439ef4fe0cebfa00.jpg,neck_design_labels,0.00135282;0.00954149;0.00068256;0.00080029;0.98762286
Images/neck_design_labels/cf9c08b41dea773e4d6b72b9b422e4e1.jpg,neck_design_labels,0.00152585;0.00389446;0.04135446;0.94876957;0.00445571
Images/neck_design_labels/64174811dac86fe96587e21a23838b49.jpg,neck_design_labels,0.98172230;0.00139817;0.00079706;0.01487206;0.00121031
Images/neck_design_labels/90c2e1ca7078e40836a2b418b33942a1.jpg,neck_design_labels,0.02264113;0.00167197;0.01112064;0.96315563;0.00141064
Images/neck_design_labels/77628b14c11105a3d006a7d8adae4899.jpg,neck_design_labels,0.00823799;0.00508552;0.63488394;0.34794500;0.00384759
Images/neck_design_labels/40ac21129d8691a2f0859bdc34dcc530.jpg,neck_design_labels,0.89279604;0.00690959;0.00211672;0.00771774;0.09045994
Images/neck_design_labels/12ce2ecab41614731b5f6131e8695117.jpg,neck_design_labels,0.00438156;0.77117503;0.00263426;0.00971625;0.21209294
Images/neck_design_labels/503bc2892f68089cbdef99131efcabd1.jpg,neck_design_labels,0.00206412;0.00747837;0.00066653;0.00156287;0.98822814
Images/neck_design_labels/55b8bfc035ffa1a551d5e0ed641e132c.jpg,neck_design_labels,0.82590604;0.00408181;0.01342846;0.15463829;0.00194534
Images/neck_design_labels/4c4086cb5803dd237bd6c05a838690d5.jpg,neck_design_labels,0.93460149;0.02303657;0.00736231;0.01856418;0.01643547
Images/neck_design_labels/b4d82a50f67053fe6607433677352f0d.jpg,neck_design_labels,0.99587989;0.00075587;0.00031866;0.00256981;0.00047585
Images/neck_design_labels/fb73404c41044170598567aa0167fa85.jpg,neck_design_labels,0.89134705;0.01742825;0.00452860;0.06108118;0.02561491
Images/neck_design_labels/6265eaa362e59a7b6660943a63d099d4.jpg,neck_design_labels,0.99775010;0.00043126;0.00016866;0.00129665;0.00035321
Images/neck_design_labels/11af97c3b92ad5f6700e3303753159ee.jpg,neck_design_labels,0.00169092;0.00132830;0.98212826;0.01268157;0.00217092
Images/neck_design_labels/c267854679e76c7f5f1a75e14e31f85b.jpg,neck_design_labels,0.00076700;0.98004067;0.00057898;0.00255110;0.01606230
Images/neck_design_labels/18a2a55f1c8a30e62be9477d96435704.jpg,neck_design_labels,0.00095720;0.00060693;0.99223328;0.00530831;0.00089421
Images/neck_design_labels/81b2534b7fc1301e2639c07e2a72ba10.jpg,neck_design_labels,0.00090169;0.07790071;0.00136802;0.00853342;0.91129619
Images/neck_design_labels/514c7c88d3d970c6cbb8bfe1658aff01.jpg,neck_design_labels,0.00097930;0.00409883;0.00030051;0.99420124;0.00042018
Images/neck_design_labels/d26a4037b3a3166ba1b7cee63ae8f6c7.jpg,neck_design_labels,0.78898549;0.09578558;0.00353858;0.00897923;0.10271116
Images/neck_design_labels/b30836125a533fe274400311ddd20588.jpg,neck_design_labels,0.00151195;0.00456596;0.00068375;0.00125905;0.99197924
Images/neck_design_labels/be44463abce9176d104754882495c7ef.jpg,neck_design_labels,0.96473444;0.00735276;0.00114437;0.02183164;0.00493677
Images/neckline_design_labels/09bcc46725c8af1573c47a88210d0a37.jpg,neckline_design_labels,0.00130248;0.00226284;0.00011047;0.00027186;0.00020368;0.99434114;0.00010277;0.00064401;0.00048260;0.00027815
Images/neckline_design_labels/6f9d6b097409cabd59618604330d428c.jpg,neckline_design_labels,0.02943042;0.00560181;0.00460812;0.00178354;0.02306744;0.03647173;0.00083095;0.89161718;0.00369187;0.00289699
Images/neckline_design_labels/e2c70526d89a2f2e09b2708ac63ed534.jpg,neckline_design_labels,0.00064052;0.00044656;0.00001637;0.00006952;0.00002242;0.00006662;0.99821568;0.00004608;0.00008846;0.00038790
Images/neckline_design_labels/14ff5feea8551accca3a8111f3aac626.jpg,neckline_design_labels,0.00558079;0.00010948;0.00008596;0.92455280;0.00058520;0.00104945;0.00031216;0.06612632;0.00005366;0.00154410
Images/neckline_design_labels/14c138b00453ef64e252ad8d57d8a792.jpg,neckline_design_labels,0.93809921;0.00139461;0.00908513;0.00229171;0.01331634;0.00882272;0.00057780;0.02018903;0.00170369;0.00451975
Images/neckline_design_labels/fbe5818959b1796228e431421f9d5bb5.jpg,neckline_design_labels,0.00141049;0.00007423;0.00003932;0.99434549;0.00034133;0.00024256;0.00052182;0.00194710;0.00002681;0.00105093
Images/neckline_design_labels/24b19e91b04317dc8e95db3bb911ff94.jpg,neckline_design_labels,0.98559511;0.00059320;0.00140835;0.00122782;0.00377866;0.00069418;0.00096909;0.00373931;0.00046386;0.00153049
Images/neckline_design_labels/f5a3705f2e82fa39cfad01a53b76f8f3.jpg,neckline_design_labels,0.00016770;0.99898750;0.00000828;0.00004070;0.00001067;0.00040330;0.00014658;0.00004401;0.00017557;0.00001554
Images/neckline_design_labels/7df76a50dd41e3fb8d5cc6e323618fd2.jpg,neckline_design_labels,0.00889304;0.02297437;0.00129162;0.00035081;0.00153878;0.00160960;0.00422541;0.00126802;0.95535880;0.00248953
Images/neckline_design_labels/2fb9f6e360a9bc2f0ee29c9b77da1f64.jpg,neckline_design_labels,0.90302837;0.00393443;0.00609111;0.00557192;0.05306536;0.00551760;0.00553968;0.00407195;0.00209104;0.01108857
Images/neckline_design_labels/3edeebffb138d06f4dbb54d6d0fa9f6e.jpg,neckline_design_labels,0.89367509;0.01113290;0.00497462;0.00256690;0.00454724;0.01289741;0.00713006;0.01240170;0.04713180;0.00354250
Images/neckline_design_labels/91ba4160e5fbe3033a10826e41a4bd2c.jpg,neckline_design_labels,0.00266401;0.00069743;0.00229790;0.00011708;0.00081412;0.00133000;0.00425260;0.00056642;0.98666942;0.00059106
Images/neckline_design_labels/66bf598cebe5abce70a21f8882d01669.jpg,neckline_design_labels,0.99277884;0.00010026;0.00088031;0.00043443;0.00190265;0.00021930;0.00077301;0.00203678;0.00012290;0.00075154
Images/neckline_design_labels/7986c25c0b9ffc74f8a6be8d2d7e3035.jpg,neckline_design_labels,0.95729065;0.00031658;0.00184004;0.00379672;0.01784724;0.00230268;0.00131535;0.01238532;0.00017688;0.00272859
Images/neckline_design_labels/4ee411613684813896ad1f1ef99b51f8.jpg,neckline_design_labels,0.02248143;0.89548081;0.00095371;0.00115714;0.00092225;0.00249275;0.00609580;0.00130519;0.02104864;0.04806221
Images/neckline_design_labels/9ae882a99ce1b8447f0311ad900cf7d3.jpg,neckline_design_labels,0.00282926;0.00014339;0.00087678;0.00166280;0.04977015;0.00106378;0.00056434;0.94210231;0.00022624;0.00076097
Images/neckline_design_labels/f0c3a2e3f1fcdb5a3e15e1b432280b78.jpg,neckline_design_labels,0.00046106;0.00000713;0.00269888;0.00003408;0.99617624;0.00004818;0.00008173;0.00024190;0.00006531;0.00018549
Images/neckline_design_labels/60f4914f6aa9653190b4fa3a21790b6e.jpg,neckline_design_labels,0.97496641;0.00093498;0.00053566;0.00169071;0.00188613;0.00140234;0.00080218;0.01557228;0.00031558;0.00189362
Images/neckline_design_labels/72c12ca9bdf4e9904d33467e95dd9d59.jpg,neckline_design_labels,0.00326380;0.00829036;0.00028077;0.00057193;0.00071364;0.98035794;0.00064597;0.00371168;0.00163498;0.00052895
Images/neckline_design_labels/a17d8befb0bcbc9bd7e8f91ddf67b285.jpg,neckline_design_labels,0.04720613;0.00054574;0.00438162;0.00179831;0.58203357;0.00453944;0.00033214;0.35704726;0.00064152;0.00147425
Images/neckline_design_labels/95382c1ef58ced36593ff124b62bf73d.jpg,neckline_design_labels,0.00052563;0.00016840;0.00004674;0.00018484;0.00014050;0.99807835;0.00043467;0.00014545;0.00005020;0.00022532
Images/neckline_design_labels/1ed84ff7c32aa46d8519cfa780f39c79.jpg,neckline_design_labels,0.00096750;0.00005772;0.00003212;0.99243116;0.00020138;0.00036622;0.00010151;0.00518866;0.00002468;0.00062909
Images/neckline_design_labels/e0e340ee1d6cf3d03e7b9b022b26a4c7.jpg,neckline_design_labels,0.97306627;0.00030499;0.00306571;0.00044724;0.01462790;0.00133441;0.00069604;0.00386613;0.00036043;0.00223088
Images/neckline_design_labels/1d346d8ea43d567b3d8bb0236992b956.jpg,neckline_design_labels,0.91461176;0.00051261;0.01506848;0.00060602;0.00929989;0.03185367;0.00037376;0.02381500;0.00054320;0.00331549
Images/neckline_design_labels/b59b0e831cc7609661e0fa10b3858f27.jpg,neckline_design_labels,0.03431963;0.00026011;0.02136183;0.00049458;0.78813344;0.00398637;0.00038977;0.14814122;0.00110235;0.00181070
Images/neckline_design_labels/de603e2c7a8ca31d0b587a533ce69dc0.jpg,neckline_design_labels,0.00365888;0.00087998;0.00012618;0.00049664;0.00020793;0.00028672;0.98887551;0.00028156;0.00052212;0.00466451
Images/neckline_design_labels/99bf4dab08f0e5e245cddd8f3d661a4e.jpg,neckline_design_labels,0.30530202;0.00055811;0.00028095;0.57450128;0.00153815;0.00128819;0.00038106;0.11344374;0.00018463;0.00252189
Images/neckline_design_labels/a1bc39c9e9a3e11dd06d04a04a4e93fc.jpg,neckline_design_labels,0.00101405;0.00497056;0.00041074;0.00003925;0.00057333;0.00054590;0.00080407;0.00040197;0.99092078;0.00031947
Images/neckline_design_labels/83f805dc2f7ec6cbe69d465c76ef2947.jpg,neckline_design_labels,0.99359506;0.00016075;0.00019565;0.00089613;0.00132689;0.00086720;0.00031421;0.00203372;0.00009553;0.00051461
Images/neckline_design_labels/959e4a01c5aa34a3397671a40da173d0.jpg,neckline_design_labels,0.00071282;0.00137613;0.00006134;0.00044091;0.00009004;0.00065423;0.99550724;0.00021442;0.00020806;0.00073482
Images/neckline_design_labels/5da0859b2674d3b25353585283bbedc2.jpg,neckline_design_labels,0.00110416;0.00007435;0.00934122;0.00011102;0.98491538;0.00059189;0.00010108;0.00314688;0.00029639;0.00031774
Images/neckline_design_labels/18e438dccd6dff7b3b94d27aba8afd13.jpg,neckline_design_labels,0.00594078;0.00230954;0.00055376;0.03532910;0.00281609;0.77800012;0.00356264;0.16622476;0.00066769;0.00459551
Images/neckline_design_labels/1f7fd2ad4772eb4708e824757a01799a.jpg,neckline_design_labels,0.83427858;0.00066497;0.00334689;0.00187551;0.12748197;0.00202070;0.00042263;0.02594875;0.00096291;0.00299709
Images/neckline_design_labels/58c07bf876cbccf2a48ebb0943064dd3.jpg,neckline_design_labels,0.12672679;0.00083631;0.00105825;0.21858384;0.01032598;0.00628998;0.00275920;0.62848228;0.00077256;0.00416476
Images/neckline_design_labels/52a5776043324d1a539165c77ffefc5b.jpg,neckline_design_labels,0.06039393;0.00257435;0.00114845;0.25375080;0.00385954;0.00594995;0.28993618;0.02137526;0.00130809;0.35970345
Images/neckline_design_labels/f66b3558de90c7eb9e8c9c9f78376653.jpg,neckline_design_labels,0.00343188;0.00007432;0.00007583;0.00093699;0.00089406;0.00034983;0.00004042;0.99373043;0.00006227;0.00040398
Images/neckline_design_labels/d9cc2148ea06ecf0f89be63a2d970c2e.jpg,neckline_design_labels,0.00046681;0.00001544;0.00903961;0.00004892;0.98959202;0.00011099;0.00008240;0.00036374;0.00009708;0.00018313
Images/neckline_design_labels/44ae6fc11ee74a56cc34201c77d098db.jpg,neckline_design_labels,0.90936309;0.00287590;0.00705769;0.00219631;0.02221255;0.00409708;0.02522217;0.01785702;0.00215933;0.00695902
Images/neckline_design_labels/df91fec72882d721a3754782a29df5cd.jpg,neckline_design_labels,0.00561477;0.00065500;0.00080804;0.00331237;0.00718976;0.01472870;0.00072275;0.96592271;0.00029313;0.00075268
Images/neckline_design_labels/c9338a2a687c1662b7fa1d13e933a9e0.jpg,neckline_design_labels,0.98587614;0.00215194;0.00226283;0.00123615;0.00257234;0.00133486;0.00044363;0.00167966;0.00111022;0.00133228
Images/neckline_design_labels/cd579354a330c39da0716c15c91a3e66.jpg,neckline_design_labels,0.01391485;0.01552843;0.01875005;0.00371532;0.01322255;0.00673243;0.86560935;0.00187516;0.02247700;0.03817500
Images/neckline_design_labels/8ad4a0bca11ffbfa5f30b01bf73bc1da.jpg,neckline_design_labels,0.00087810;0.00073771;0.00085572;0.00002822;0.00040777;0.00026748;0.00074734;0.00013103;0.99572372;0.00022286
Images/neckline_design_labels/c0619fb7aeff6370089e8eb5fe6d070c.jpg,neckline_design_labels,0.00168712;0.00013599;0.00022073;0.00040944;0.00273692;0.00244887;0.00008124;0.99190241;0.00011153;0.00026582
Images/neckline_design_labels/7869ddeb56cbbea33b14bb0a9a53d6b8.jpg,neckline_design_labels,0.93073815;0.00095210;0.00693068;0.00141866;0.02705402;0.00620919;0.00071587;0.02270478;0.00062318;0.00265327
Images/neckline_design_labels/22de127b55dca7edfc56673fe0fa3fa6.jpg,neckline_design_labels,0.00190367;0.00020075;0.00015138;0.00114022;0.00035973;0.00028197;0.96792978;0.00051906;0.00013577;0.02737766
Images/neckline_design_labels/42e046826f74ef3ae0c44c6b353d760e.jpg,neckline_design_labels,0.00371016;0.00167180;0.00629277;0.00035213;0.00420030;0.00940058;0.00616916;0.00230436;0.96482110;0.00107771
Images/neckline_design_labels/a9246e6ca1dea5d114135b7c89c60572.jpg,neckline_design_labels,0.97545719;0.00046185;0.00144029;0.00154935;0.01225293;0.00044482;0.00029891;0.00589004;0.00067241;0.00153227
Images/neckline_design_labels/9c0770275fbd80636b80deada419d708.jpg,neckline_design_labels,0.00332586;0.00520881;0.00022852;0.00080728;0.00015894;0.00115207;0.98586375;0.00021369;0.00101040;0.00203079
Images/neckline_design_labels/224fdbf3de94ef91dd1bda3f011324f2.jpg,neckline_design_labels,0.01321660;0.00040224;0.00082560;0.00099429;0.01459297;0.00415062;0.00044461;0.96411282;0.00036367;0.00089659
Images/neckline_design_labels/b7046bd1984890757313a8c75a0c712e.jpg,neckline_design_labels,0.00585266;0.00325877;0.00069619;0.00311144;0.00330358;0.81848341;0.00063478;0.16207540;0.00104912;0.00153469
Images/pant_length_labels/8dc5cc115f2113741248d5fdf54396cd.jpg,pant_length_labels,0.00071905;0.01110457;0.92667246;0.06070007;0.00041645;0.00038738
Images/pant_length_labels/1416818444115caf372a0fc810f88153.jpg,pant_length_labels,0.80137819;0.02571382;0.00052340;0.00108566;0.01914061;0.15215831
Images/pant_length_labels/5883a78b0f7d5e91c37fc74745ca1549.jpg,pant_length_labels,0.00143227;0.01488238;0.97941941;0.00281405;0.00062206;0.00082978
Images/pant_length_labels/a222689abfe8f9a805ebee74613e531f.jpg,pant_length_labels,0.00002593;0.99995077;0.00001167;0.00000141;0.00000506;0.00000514
Images/pant_length_labels/3a2ec7620a5f7de9ee40933b30906149.jpg,pant_length_labels,0.00067080;0.00048524;0.28306803;0.69724482;0.00951301;0.00901805
Images/pant_length_labels/8393d389afafe73ef5f709c821c7a6cf.jpg,pant_length_labels,0.00018849;0.00011381;0.01576361;0.92400914;0.03746396;0.02246099
Images/pant_length_labels/ac22a2e11dc0ee55f0b9373982a6957a.jpg,pant_length_labels,0.00072913;0.99788779;0.00054238;0.00011944;0.00034996;0.00037133
Images/pant_length_labels/fd3495b1f80f81dd665ac3169d9a721f.jpg,pant_length_labels,0.00054865;0.99911100;0.00019190;0.00004758;0.00005006;0.00005090
Images/pant_length_labels/af304c2fff26c7966137d20dfff072cf.jpg,pant_length_labels,0.00111787;0.01233947;0.77056795;0.21011432;0.00220539;0.00365504
Images/pant_length_labels/c7a8a8a17dff4e731993855703afaa84.jpg,pant_length_labels,0.00106332;0.00356558;0.29989249;0.69319671;0.00160393;0.00067798
Images/pant_length_labels/12d3c4e900c732859d41fca757d71e13.jpg,pant_length_labels,0.97104961;0.02235368;0.00089003;0.00223972;0.00110020;0.00236679
Images/pant_length_labels/10f672fd320e19bf43fb5d91253eea4a.jpg,pant_length_labels,0.00002297;0.99993718;0.00002577;0.00000434;0.00000541;0.00000439
Images/pant_length_labels/1d6cce881d9b2aed88e0faf0ef43ba53.jpg,pant_length_labels,0.99623531;0.00256853;0.00013777;0.00023371;0.00024135;0.00058339
Images/pant_length_labels/d4556dd4ed6c0d0abf49fbae11198d74.jpg,pant_length_labels,0.00642660;0.00090270;0.00429877;0.98602086;0.00140059;0.00095041
Images/pant_length_labels/4a34f507f98571a84a5cc6c905bbd22f.jpg,pant_length_labels,0.00162860;0.00040369;0.00015761;0.02917637;0.96422589;0.00440782
Images/pant_length_labels/86d1d8dfdbd5f84aaa33e36c369fc748.jpg,pant_length_labels,0.00036184;0.00062790;0.99493861;0.00315831;0.00033617;0.00057717
Images/pant_length_labels/518a024b4e664092e9550b6993220f3d.jpg,pant_length_labels,0.00007360;0.00000660;0.00000416;0.00004965;0.15007798;0.84978807
Images/pant_length_labels/b3a258bd0f29289c808750b1c186378d.jpg,pant_length_labels,0.00163692;0.00090789;0.00009209;0.00103121;0.98718727;0.00914464
Images/pant_length_labels/5683f7c429b50961c13ce32709574796.jpg,pant_length_labels,0.00013174;0.00002398;0.00059710;0.99601400;0.00211425;0.00111898
Images/pant_length_labels/5b188d753c37d24a93a467aaa3d201db.jpg,pant_length_labels,0.00057300;0.00014609;0.00003580;0.00028643;0.06851099;0.93044764
Images/pant_length_labels/c1611cf4f721db5ab4c5d726753989f8.jpg,pant_length_labels,0.95417005;0.01322223;0.00086110;0.00961016;0.00646202;0.01567440
Images/pant_length_labels/e642a9a6f01811899af909b340ef38cf.jpg,pant_length_labels,0.00039463;0.00018056;0.05233532;0.90139884;0.03093841;0.01475228
Images/pant_length_labels/96faf5811ad5fe13b95632ae83237066.jpg,pant_length_labels,0.00106581;0.00113138;0.14734198;0.83904690;0.00610163;0.00531227
Images/pant_length_labels/694c8c547758df1dc89fda6bec562f61.jpg,pant_length_labels,0.00044786;0.00113363;0.27252614;0.70051259;0.01527388;0.01010594
Images/pant_length_labels/4ef2ec6461603ffd5eb73b0a1e40716a.jpg,pant_length_labels,0.00072165;0.00021345;0.00022197;0.00317402;0.58026153;0.41540730
Images/pant_length_labels/623046ca1cbf2cd6b7b26a28a93b1a23.jpg,pant_length_labels,0.00009003;0.99928951;0.00054374;0.00002011;0.00002721;0.00002946
Images/pant_length_labels/9fd3484fb2252227d7b0a05f96aee816.jpg,pant_length_labels,0.00017145;0.00056210;0.59593338;0.40152299;0.00101351;0.00079653
Images/pant_length_labels/e6a13a39981d7cd754d30385ac49a92b.jpg,pant_length_labels,0.00347981;0.00581789;0.00044069;0.00307369;0.87967336;0.10751458
Images/pant_length_labels/2796f51fb8394ea4b04d06e08029e5d4.jpg,pant_length_labels,0.00019224;0.00085010;0.99702698;0.00168209;0.00008617;0.00016249
Images/pant_length_labels/98b3cddaea5178fb702fb00c9deb81ae.jpg,pant_length_labels,0.92673290;0.01941736;0.00110142;0.00377013;0.02294388;0.02603439
Images/pant_length_labels/ce0ccb9c1b6eba1a6281cf78783241d9.jpg,pant_length_labels,0.00036461;0.04353133;0.94898975;0.00694717;0.00006946;0.00009766
Images/pant_length_labels/41f47a5163ec85d046ce49224c5a3508.jpg,pant_length_labels,0.00062850;0.00147348;0.36613548;0.61441642;0.00823865;0.00910754
Images/pant_length_labels/746053f56b2d3fb6d19d813f8e13d6a5.jpg,pant_length_labels,0.00002453;0.99978822;0.00014878;0.00002148;0.00000870;0.00000835
Images/pant_length_labels/2f34dd50f6c41642103629b597e4efa9.jpg,pant_length_labels,0.00013772;0.99981445;0.00001698;0.00000450;0.00000962;0.00001675
Images/pant_length_labels/5fc947e6a9d5d5085037b077b7cf47ff.jpg,pant_length_labels,0.00010068;0.00009120;0.16969833;0.82823163;0.00119321;0.00068500
Images/pant_length_labels/061b1edd607b9fd3c22aac098b944db9.jpg,pant_length_labels,0.00028045;0.00012770;0.00045717;0.91321194;0.07505700;0.01086566
Images/pant_length_labels/4fa5acfd4cbbb43c1f2c0c473086bd4f.jpg,pant_length_labels,0.00445477;0.00089268;0.00073302;0.02975986;0.83547515;0.12868454
Images/pant_length_labels/08c64bc5a2ca1ee7222d902cc72e63dc.jpg,pant_length_labels,0.35292238;0.61530417;0.00706653;0.01116606;0.00750892;0.00603197
Images/pant_length_labels/9dbeaf068e36e9da5f1a9f02ad26e6a1.jpg,pant_length_labels,0.00170907;0.00164984;0.50539404;0.48054314;0.00640450;0.00429938
Images/pant_length_labels/19b3c837059d56ddef4c4385824b68e0.jpg,pant_length_labels,0.00312034;0.99430072;0.00214103;0.00017248;0.00009912;0.00016642
Images/pant_length_labels/48380adcf44a9569b0e00a30770620a3.jpg,pant_length_labels,0.00201183;0.00032113;0.00337296;0.98602283;0.00694820;0.00132309
Images/pant_length_labels/12ef17f2358f61bfebcc3125fe4d14c8.jpg,pant_length_labels,0.00039465;0.00031477;0.25106421;0.74396199;0.00261158;0.00165276
Images/pant_length_labels/b01a2239d05d9325b82f6b7612ba0eeb.jpg,pant_length_labels,0.02274225;0.95604330;0.00635499;0.00374338;0.00229729;0.00881874
Images/pant_length_labels/d29628437b913ac708d3dc868f3c44f2.jpg,pant_length_labels,0.00004501;0.00047069;0.96038330;0.03897510;0.00007296;0.00005291
Images/pant_length_labels/5042e6291a7246eb754bf2efc8228e58.jpg,pant_length_labels,0.00012295;0.00044042;0.37331924;0.62364632;0.00142064;0.00105040
Images/pant_length_labels/9005b478777496aacbb15c356d806556.jpg,pant_length_labels,0.00002889;0.99985170;0.00009309;0.00000882;0.00000933;0.00000818
Images/pant_length_labels/35967544964ba05e5fbf10b5be546140.jpg,pant_length_labels,0.00011079;0.99946505;0.00014891;0.00003298;0.00011889;0.00012335
Images/pant_length_labels/5ab29940ab4a4af5513c38988c13b29e.jpg,pant_length_labels,0.00080065;0.99758267;0.00059726;0.00033628;0.00032396;0.00035909
Images/pant_length_labels/919a981bfb95654c2875f0d051ea3795.jpg,pant_length_labels,0.00021211;0.99938035;0.00026946;0.00004923;0.00003801;0.00005090
Images/pant_length_labels/be9e38969ccab287cefa9b89dd8710d6.jpg,pant_length_labels,0.03158992;0.00296338;0.00212866;0.06332002;0.23888101;0.66111702
Images/skirt_length_labels/237eda16e8fe977aad8d8ee1be9dee4b.jpg,skirt_length_labels,0.58849400;0.17280169;0.20060846;0.02505285;0.00427946;0.00876356
Images/skirt_length_labels/284775ccca766c77e4619ca87ec03c74.jpg,skirt_length_labels,0.87802309;0.07621550;0.02647791;0.00853481;0.00200658;0.00874215
Images/skirt_length_labels/1a41870378c632a8fa42d52201cfab5b.jpg,skirt_length_labels,0.00041802;0.00009443;0.00233116;0.99417734;0.00177776;0.00120126
Images/skirt_length_labels/7abea0f5f1d8baa39f00f7b4aa0602ef.jpg,skirt_length_labels,0.00056472;0.00068921;0.34872186;0.56377614;0.04713598;0.03911206
Images/skirt_length_labels/4d092347c4b72d6bee81ab45646d382a.jpg,skirt_length_labels,0.00069959;0.99470693;0.00367979;0.00055873;0.00014698;0.00020799
Images/skirt_length_labels/fd9fe29db66f7eed308441a19e288b7f.jpg,skirt_length_labels,0.99520159;0.00086409;0.00097224;0.00169855;0.00051164;0.00075198
Images/skirt_length_labels/d25d316d734bbac6189c984721c01fc5.jpg,skirt_length_labels,0.00119108;0.00039326;0.00020148;0.01823948;0.93039006;0.04958455
Images/skirt_length_labels/9ec9b62fe2a1b6c4909913e92ec15e5a.jpg,skirt_length_labels,0.00089168;0.00080968;0.34038240;0.57706088;0.04462199;0.03623333
Images/skirt_length_labels/3f5ef2d8955fc11d57bc96a45e6b495a.jpg,skirt_length_labels,0.00420483;0.05064875;0.79531503;0.12575839;0.01017323;0.01389980
Images/skirt_length_labels/8b40eae81015c991a404150242d5aca8.jpg,skirt_length_labels,0.98344296;0.00977579;0.00274797;0.00214606;0.00059731;0.00128987
Images/skirt_length_labels/5455dcf7c754d90f3a85daf8f3ade515.jpg,skirt_length_labels,0.00124510;0.00032972;0.00030465;0.34531981;0.64082569;0.01197500
Images/skirt_length_labels/60bb7dbadf3e9397eab8b65554d77208.jpg,skirt_length_labels,0.98651499;0.00805541;0.00118775;0.00146693;0.00068354;0.00209148
Images/skirt_length_labels/a1d8b01c4a34b9f3689bbc5e3fb159d7.jpg,skirt_length_labels,0.00240737;0.00371907;0.27928916;0.57751423;0.07187969;0.06519049
Images/skirt_length_labels/13ff1b555ec232ce2332868df3ebac09.jpg,skirt_length_labels,0.00040921;0.00085452;0.17998724;0.74962604;0.04594907;0.02317388
Images/skirt_length_labels/6c96e8ccea92af5e101f183e7c8a009f.jpg,skirt_length_labels,0.00940533;0.00789823;0.98115611;0.00125906;0.00010728;0.00017387
Images/skirt_length_labels/6c47ead7d25b7512737bae160dc1f17d.jpg,skirt_length_labels,0.01476793;0.95171130;0.03110508;0.00165854;0.00027382;0.00048333
Images/skirt_length_labels/f1e6301c750aef61dea617749dcf25b0.jpg,skirt_length_labels,0.00064591;0.00080236;0.02705363;0.45147541;0.34187445;0.17814820
Images/skirt_length_labels/d401540a4bf50dfbda2a3580eca1d117.jpg,skirt_length_labels,0.06589106;0.84347671;0.08036152;0.00855936;0.00076292;0.00094844
Images/skirt_length_labels/d46b2448cb3d79b75b2de51af3589c46.jpg,skirt_length_labels,0.00359924;0.00037317;0.00021962;0.00134296;0.06493752;0.92952746
Images/skirt_length_labels/98bb670e010230ed235c3b985eca6fbe.jpg,skirt_length_labels,0.00310668;0.10472357;0.79332143;0.07784336;0.00903512;0.01196983
Images/skirt_length_labels/151052421b0adc2b55ad2b7d1d338859.jpg,skirt_length_labels,0.01493181;0.00045707;0.00018273;0.00108815;0.00597730;0.97736287
Images/skirt_length_labels/4f60119e9c679f283385ec47b67448c7.jpg,skirt_length_labels,0.11182354;0.00839818;0.00860796;0.59481066;0.13042606;0.14593354
Images/skirt_length_labels/3defd875729d83fcdda64afb2965b5d9.jpg,skirt_length_labels,0.96455860;0.00405392;0.00558817;0.00949406;0.00442792;0.01187747
Images/skirt_length_labels/fb301363375de9e69c61a4fe23056015.jpg,skirt_length_labels,0.00134840;0.00018885;0.00005047;0.00612764;0.94539279;0.04689189
Images/skirt_length_labels/6c80ef4e4e22d686eb4245a4791da30e.jpg,skirt_length_labels,0.01228235;0.96186286;0.02042154;0.00304800;0.00100323;0.00138201
Images/skirt_length_labels/a61a10f84373f2db31750973ba7c9b14.jpg,skirt_length_labels,0.68796134;0.28033510;0.02323376;0.00438232;0.00141748;0.00267000
Images/skirt_length_labels/48f7c5f65513c77ea8853968de5a962f.jpg,skirt_length_labels,0.00669502;0.00144274;0.00193946;0.05075590;0.71510041;0.22406650
Images/skirt_length_labels/ad4a1987e4e048513b6b0000c08fdefc.jpg,skirt_length_labels,0.00053446;0.00322385;0.67587978;0.30243590;0.00959323;0.00833281
Images/skirt_length_labels/0d597228577933d449c31c35dc44b590.jpg,skirt_length_labels,0.00181288;0.00008951;0.00003822;0.00014661;0.00058645;0.99732625
Images/skirt_length_labels/ffa593bceacf1e82cccde7c155b03fde.jpg,skirt_length_labels,0.00197260;0.00105728;0.02859330;0.23559298;0.39743403;0.33534980
Images/skirt_length_labels/131a4ee1f202acebf357481069020e2b.jpg,skirt_length_labels,0.00109960;0.99532759;0.00294139;0.00038730;0.00008690;0.00015731
Images/skirt_length_labels/8622f03b963126e92cdf6a256835acc8.jpg,skirt_length_labels,0.00232399;0.00366685;0.43084073;0.53264201;0.01279484;0.01773157
Images/skirt_length_labels/73b8e80bb152099ea8cbb6837ad661fc.jpg,skirt_length_labels,0.94994241;0.01375437;0.01462811;0.00804083;0.00395160;0.00968263
Images/skirt_length_labels/ade4c3dd8e0bf88c0a231cf5635b2c0b.jpg,skirt_length_labels,0.00531100;0.00206136;0.00821984;0.88269246;0.07348771;0.02822770
Images/skirt_length_labels/0b850700de25bd171ae85cafb4115327.jpg,skirt_length_labels,0.00714221;0.00418829;0.58762157;0.39819077;0.00111752;0.00173972
Images/skirt_length_labels/6ec0cefb7f9807c8a93c632f508e54f9.jpg,skirt_length_labels,0.99632746;0.00247538;0.00073151;0.00023588;0.00004046;0.00018918
Images/skirt_length_labels/07ead59d2468f1fd1f4071956e1582ae.jpg,skirt_length_labels,0.00017303;0.00015069;0.00125906;0.99605066;0.00164227;0.00072430
Images/skirt_length_labels/455d0eb713c85eb1322c31dc968aa86e.jpg,skirt_length_labels,0.99556834;0.00253962;0.00082771;0.00038201;0.00016168;0.00052069
Images/skirt_length_labels/e0a4e614daa045aebc6676a9d79a0b3e.jpg,skirt_length_labels,0.00661647;0.00571500;0.98649341;0.00082734;0.00009279;0.00025504
Images/skirt_length_labels/736c966d7bf70ffdaa58c388f9b68678.jpg,skirt_length_labels,0.00149173;0.00048657;0.00058915;0.04637698;0.78924233;0.16181321
Images/skirt_length_labels/553ae14df6ffe042b93c0f9458ae9cb1.jpg,skirt_length_labels,0.00012142;0.99910009;0.00071492;0.00003132;0.00001211;0.00002014
Images/skirt_length_labels/6e5004ce8910a782ac56ca4f1a0c9321.jpg,skirt_length_labels,0.20948161;0.70308745;0.07406395;0.00771367;0.00210106;0.00355230
Images/skirt_length_labels/82bede62ab7ecf8cb02555c71aeda96b.jpg,skirt_length_labels,0.00115276;0.00126846;0.29769507;0.46077034;0.13337451;0.10573886
Images/skirt_length_labels/3ca92a28861483bf9b9528089632a31c.jpg,skirt_length_labels,0.00050673;0.96776342;0.02803443;0.00283460;0.00040280;0.00045808
Images/skirt_length_labels/d091574603e918dde5e265033712c70d.jpg,skirt_length_labels,0.00303102;0.00074541;0.00086715;0.84981894;0.13884175;0.00669573
Images/skirt_length_labels/541baf4a4ecab68cf913a2b2fae35918.jpg,skirt_length_labels,0.01285373;0.00376807;0.00677523;0.62967533;0.22627890;0.12064874
Images/skirt_length_labels/8d64f558bcf6827674fd9f4956c4e992.jpg,skirt_length_labels,0.00210296;0.98913723;0.00583098;0.00139032;0.00040903;0.00112941
Images/skirt_length_labels/cbd60505110f9bbb41856519b9365a8a.jpg,skirt_length_labels,0.37160692;0.00772921;0.01192401;0.12025631;0.11483398;0.37364951
Images/skirt_length_labels/fa9f89de69d291ed606f979fc73b033d.jpg,skirt_length_labels,0.00057337;0.00024587;0.17954035;0.67454803;0.08114509;0.06394719
Images/skirt_length_labels/10e2643dfed5d040fd9b9b21531341c1.jpg,skirt_length_labels,0.00468360;0.00198313;0.00192465;0.52560973;0.42897999;0.03681896
Images/sleeve_length_labels/4391d682dd6641068e165c63283abee7.jpg,sleeve_length_labels,0.00051393;0.00088338;0.06700221;0.92499650;0.00072658;0.00026806;0.00158990;0.00270229;0.00131699
Images/sleeve_length_labels/cab66c4a09daff5c7f0ed1075314f031.jpg,sleeve_length_labels,0.00458054;0.97651178;0.00410901;0.00178831;0.00116681;0.00103759;0.00180156;0.00261851;0.00638594
Images/sleeve_length_labels/e91eb04ad35e3ff2befc4d81c411f064.jpg,sleeve_length_labels,0.00355891;0.00112663;0.00005945;0.00539550;0.96697718;0.01975509;0.00064816;0.00184075;0.00063831
Images/sleeve_length_labels/4d31ed524e814cc8f0a46183ff2c48b8.jpg,sleeve_length_labels,0.00034227;0.00012753;0.00010473;0.00720845;0.96443975;0.02686532;0.00020562;0.00026448;0.00044199
Images/sleeve_length_labels/b591368aa9f5f9c4c065f398836da330.jpg,sleeve_length_labels,0.01157056;0.00037254;0.00005800;0.00092991;0.00071589;0.00227320;0.06676356;0.67348140;0.24383496
Images/sleeve_length_labels/e076592f0cac830374d1a158f3d258b2.jpg,sleeve_length_labels,0.02894608;0.01535555;0.00598808;0.02381531;0.02525153;0.03777064;0.03409201;0.18701153;0.64176929
Images/sleeve_length_labels/fdc2069fe470901430afc871f86fd92f.jpg,sleeve_length_labels,0.51085103;0.00260487;0.00018515;0.03017831;0.05071978;0.22779806;0.08284054;0.08024209;0.01458013
Images/sleeve_length_labels/35ca224f6ec0d756a0e0673181fa0290.jpg,sleeve_length_labels,0.00010184;0.99112988;0.00837876;0.00007271;0.00001275;0.00003075;0.00007927;0.00007358;0.00012052
Images/sleeve_length_labels/cf2c4c9026123d7963de51c211909aae.jpg,sleeve_length_labels,0.00072014;0.00008539;0.00001764;0.00060949;0.00092075;0.14449127;0.82485127;0.02668860;0.00161551
Images/sleeve_length_labels/cf6f98982204b2863d64bdbe1769b732.jpg,sleeve_length_labels,0.00002660;0.00000805;0.00000776;0.00235697;0.99446172;0.00291632;0.00003910;0.00008548;0.00009794
Images/sleeve_length_labels/e029793ef90898817a2668f725d9c94c.jpg,sleeve_length_labels,0.00064296;0.00005504;0.00002370;0.00051060;0.00048328;0.00237563;0.13061155;0.86101305;0.00428426
Images/sleeve_length_labels/195ff41dc9488ea487733952dd7b1c31.jpg,sleeve_length_labels,0.00073748;0.00014201;0.00020991;0.00055357;0.12876537;0.86216772;0.00239258;0.00186887;0.00316260
Images/sleeve_length_labels/13230160b756cc962924047d337b0ac3.jpg,sleeve_length_labels,0.00031712;0.99770963;0.00044213;0.00019310;0.00014286;0.00018740;0.00018263;0.00020856;0.00061653
Images/sleeve_length_labels/b682de91484fdc28bf202dacfba63c1e.jpg,sleeve_length_labels,0.00029393;0.99733812;0.00036957;0.00022589;0.00018024;0.00013961;0.00026847;0.00033779;0.00084652
Images/sleeve_length_labels/692ab483f73b48f7c9906adc038246bb.jpg,sleeve_length_labels,0.00001477;0.00000112;0.00000102;0.00001760;0.00000179;0.00010072;0.97772688;0.02204453;0.00009151
Images/sleeve_length_labels/9fc77b9a8449bec79c2624c597739f37.jpg,sleeve_length_labels,0.00000100;0.00000020;0.00000024;0.00000335;0.00000025;0.00001304;0.91772664;0.08220852;0.00004678
Images/sleeve_length_labels/163e3a0bc5077bacbafb0567ff74e737.jpg,sleeve_length_labels,0.00290188;0.08954874;0.00124067;0.89537042;0.00510120;0.00063831;0.00170879;0.00190439;0.00158583
Images/sleeve_length_labels/d7dcd0ae5b81f2580b6ef6ac79f1f572.jpg,sleeve_length_labels,0.00055466;0.00004970;0.00016035;0.00019233;0.00005545;0.00042348;0.36306006;0.31694284;0.31856111
Images/sleeve_length_labels/bcab369bac2109b783e6c30a6bfb98e6.jpg,sleeve_length_labels,0.00100197;0.00017203;0.00007446;0.00034308;0.00013386;0.00070520;0.17567906;0.45541561;0.36647472
Images/sleeve_length_labels/f78e954ec6e0a3c31aa6d415f80ca587.jpg,sleeve_length_labels,0.00081975;0.00018024;0.00011337;0.00134560;0.00397608;0.39895150;0.42054757;0.16828276;0.00578320
Images/sleeve_length_labels/6c73620cde84db7ca1478e3c74c8bfd9.jpg,sleeve_length_labels,0.07084344;0.00608830;0.00036330;0.00720477;0.00364440;0.09356055;0.55586994;0.21984687;0.04257848
Images/sleeve_length_labels/c7f12031e390d6ed2f5e2aa7e128c012.jpg,sleeve_length_labels,0.02300716;0.00050595;0.00015639;0.00219477;0.00137259;0.11794572;0.76743323;0.07687602;0.01050815
Images/sleeve_length_labels/3b886d936da43034aaff1380c44143ee.jpg,sleeve_length_labels,0.00007403;0.00008249;0.00100313;0.99700433;0.00133501;0.00006601;0.00014064;0.00018288;0.00011151
Images/sleeve_length_labels/82f42b61c14ab342034481ba04003796.jpg,sleeve_length_labels,0.00129844;0.00023386;0.00004756;0.00038838;0.00138604;0.34385365;0.60056698;0.04617827;0.00604678
Images/sleeve_length_labels/df5f4308dff90ff96c942fa15e717576.jpg,sleeve_length_labels,0.00273576;0.00683719;0.00028610;0.83694261;0.14406976;0.00284808;0.00115555;0.00313517;0.00198977
Images/sleeve_length_labels/ad80572ff7e82d67d083e02e896fff02.jpg,sleeve_length_labels,0.00002222;0.99983418;0.00001504;0.00000550;0.00000630;0.00000871;0.00002421;0.00002845;0.00005547
Images/sleeve_length_labels/e7e7e11dd42acfc1963c1c7b640042aa.jpg,sleeve_length_labels,0.00005890;0.00002045;0.00105697;0.99599707;0.00227017;0.00009318;0.00015736;0.00019368;0.00015228
Images/sleeve_length_labels/8e386052fca2713b2c49c8773a9a64c8.jpg,sleeve_length_labels,0.00010755;0.00000315;0.00000102;0.00001959;0.00330338;0.99606043;0.00037320;0.00009551;0.00003619
Images/sleeve_length_labels/fb1340151c2eaf801090c416aab0b0a0.jpg,sleeve_length_labels,0.00453034;0.01394552;0.00382372;0.93381596;0.01879636;0.00455609;0.00558677;0.01056659;0.00437871
Images/sleeve_length_labels/ba4a644a77f39f64fd6f878ecb538e1a.jpg,sleeve_length_labels,0.00036350;0.00016129;0.00010653;0.00034202;0.15860729;0.83550119;0.00161784;0.00096415;0.00233630
Images/sleeve_length_labels/28f2c76464d36d7c3ea3e7fa4a747e9c.jpg,sleeve_length_labels,0.00018278;0.00005239;0.00002818;0.00006567;0.00004497;0.00215122;0.92619210;0.06991111;0.00137161
Images/sleeve_length_labels/fbfc25ec8e0b074194050f91a4dffbc9.jpg,sleeve_length_labels,0.02368872;0.00088563;0.00019476;0.00196012;0.00180045;0.00401142;0.04513658;0.29423329;0.62808907
Images/sleeve_length_labels/a42f78430e60fe1979cfc928dad410d7.jpg,sleeve_length_labels,0.00160220;0.00062980;0.00007571;0.00047515;0.00532017;0.94267625;0.02931327;0.01053159;0.00937581
Images/sleeve_length_labels/59cadaeee067045cd101471183245566.jpg,sleeve_length_labels,0.00018157;0.01676713;0.98168945;0.00064967;0.00004823;0.00012198;0.00012683;0.00023657;0.00017853
Images/sleeve_length_labels/210d7a88759cb3ec0c4563c99adf1692.jpg,sleeve_length_labels,0.00001188;0.00000203;0.00014007;0.99967527;0.00010760;0.00000505;0.00001904;0.00002311;0.00001593
Images/sleeve_length_labels/5812e2d75765ef57401d58b4427db1d3.jpg,sleeve_length_labels,0.00069459;0.00033635;0.00019972;0.00026063;0.00007332;0.00053026;0.29105267;0.38151407;0.32533845
Images/sleeve_length_labels/c7795beb6dc251b078d0c511373ad50e.jpg,sleeve_length_labels,0.00031712;0.99770963;0.00044213;0.00019310;0.00014286;0.00018740;0.00018263;0.00020856;0.00061653
Images/sleeve_length_labels/31687c2e793c8373bf345d76c33d2f7d.jpg,sleeve_length_labels,0.01767520;0.01177318;0.00525274;0.00425683;0.00128024;0.00357379;0.25478956;0.34525225;0.35614625
Images/sleeve_length_labels/c87fa9517e35c791094d97bae86f811d.jpg,sleeve_length_labels,0.01299734;0.80967242;0.00310622;0.09208767;0.03514367;0.02159456;0.00880813;0.01207515;0.00451472
Images/sleeve_length_labels/436b6b96c3bcab561251c4108baf37a4.jpg,sleeve_length_labels,0.00203209;0.98702675;0.00607365;0.00056576;0.00022572;0.00039696;0.00066741;0.00132102;0.00169085
Images/sleeve_length_labels/3d953b344854aed501f12b7f6a71c948.jpg,sleeve_length_labels,0.00190724;0.00008442;0.00001071;0.00032794;0.00012372;0.00024338;0.00320515;0.02596718;0.96813029
Images/sleeve_length_labels/cd4fcec236c971d5b961dde34100ae69.jpg,sleeve_length_labels,0.00090713;0.00003987;0.00002475;0.00104265;0.00204985;0.77500379;0.16804366;0.04651420;0.00637410
Images/sleeve_length_labels/340515f1938e8ddf7af03bebf1be288a.jpg,sleeve_length_labels,0.00008821;0.00003918;0.00001785;0.00016429;0.00037428;0.93615419;0.05941009;0.00289678;0.00085518
Images/sleeve_length_labels/a9b861c95f22a472d3c5092e7f9c08e8.jpg,sleeve_length_labels,0.00081961;0.00138023;0.00014406;0.98678827;0.00944334;0.00027399;0.00035326;0.00045537;0.00034195
Images/sleeve_length_labels/16a8e0ef0476894db6305f308380ca9f.jpg,sleeve_length_labels,0.00230923;0.00090778;0.00201426;0.00269425;0.00023255;0.00094281;0.37197620;0.33286569;0.28605729
Images/sleeve_length_labels/904cc045c17341277046a6d768ce19b3.jpg,sleeve_length_labels,0.00060698;0.00062159;0.00033500;0.00015870;0.00010383;0.00108720;0.19928007;0.46835849;0.32944819
Images/sleeve_length_labels/1cb143922bbd15fe1438dd7185cb7cc9.jpg,sleeve_length_labels,0.00027765;0.00003574;0.00001247;0.00022960;0.00007160;0.00130693;0.72144949;0.27501211;0.00160440
Images/sleeve_length_labels/f4dfd330a4604f31e6ff7d7c8f86acd0.jpg,sleeve_length_labels,0.00248835;0.00053353;0.00153280;0.00426123;0.17402577;0.77990544;0.01424594;0.00773663;0.01527034
Images/sleeve_length_labels/5b8fdf37d2678008e628b8cdac184d2a.jpg,sleeve_length_labels,0.00005807;0.00055185;0.99184072;0.00692309;0.00004182;0.00005926;0.00018779;0.00022489;0.00011244
Images/sleeve_length_labels/6f4e6ceda3240067473cb5b48402e64b.jpg,sleeve_length_labels,0.00008818;0.00005235;0.00058416;0.99439347;0.00405594;0.00019540;0.00019903;0.00016502;0.00026659
